{"dice_rc_0":0.7629908303,"dice_rc_1":0.5438158808,"dice_rc_2":0.2235580153,"dice_rs3_0":0.860588043,"dice_rs3_1":0.6415027423,"dice_rs3_2":0.2237145959,"dice_rs5_0":0.8804379742,"dice_rs5_1":0.7542846925,"dice_rs5_2":0.245236911,"dice_cp_0":0.7156499307,"dice_cp_1":0.5539697166,"dice_cp_2":0.2323225352,"dice_bb_0":0.8894611416,"dice_bb_1":0.9261244773,"dice_bb_2":0.924428259,"dice_bbs_05_0":0.8806188532,"dice_bbs_05_1":0.9237353651,"dice_bbs_05_2":0.9224192728,"dice_bbs_1_0":0.8348520648,"dice_bbs_1_1":0.9159033681,"dice_bbs_1_2":0.9175824836,"dice_bbs_2_0":0.7022347147,"dice_bbs_2_1":0.8440923437,"dice_bbs_2_2":0.8675355978,"dice_rc_max":0.8536987106,"dice_rs3_max":0.8835364431,"dice_rs5_max":0.89847477,"dice_cp_max":0.8380988908,"dice_bb_max":0.940414273,"dice_bbs_05_max":0.93846653,"dice_bbs_1_max":0.9342669792,"dice_bbs_2_max":0.8893159043}