{"dice_rc_0":0.225008679,"dice_rc_1":0.4401781547,"dice_rc_2":0.6880159901,"dice_rs3_0":0.2222392463,"dice_rs3_1":0.494948472,"dice_rs3_2":0.7775409336,"dice_rs5_0":0.2261813799,"dice_rs5_1":0.5095000573,"dice_rs5_2":0.7834702866,"dice_cp_0":0.2336464171,"dice_cp_1":0.4472470066,"dice_cp_2":0.644354575,"dice_bb_0":0.9195014712,"dice_bb_1":0.9071611417,"dice_bb_2":0.8206551442,"dice_bbs_05_0":0.9161437109,"dice_bbs_05_1":0.9064209311,"dice_bbs_05_2":0.8097932276,"dice_bbs_1_0":0.9062048768,"dice_bbs_1_1":0.8918309482,"dice_bbs_1_2":0.7576434132,"dice_bbs_2_0":0.8334574056,"dice_bbs_2_1":0.7961543827,"dice_bbs_2_2":0.5849402992,"dice_rc_max":0.7492232576,"dice_rs3_max":0.7829930155,"dice_rs5_max":0.7844248192,"dice_cp_max":0.7385565906,"dice_bb_max":0.932285118,"dice_bbs_05_max":0.9296091709,"dice_bbs_1_max":0.9209969627,"dice_bbs_2_max":0.8511830812}