{"dice_rc_0":0.9304019805,"dice_rc_1":0.8043879381,"dice_rc_2":0.6882313962,"dice_rs3_0":0.9326771123,"dice_rs3_1":0.9387416882,"dice_rs3_2":0.6773796273,"dice_rs5_0":0.9356700454,"dice_rs5_1":0.9456386,"dice_rs5_2":0.741087217,"dice_cp_0":0.9170520607,"dice_cp_1":0.8128632742,"dice_cp_2":0.678068161,"dice_bb_0":0.9464312983,"dice_bb_1":0.9304292943,"dice_bb_2":0.9394323332,"dice_bbs_05_0":0.9429496378,"dice_bbs_05_1":0.9212290589,"dice_bbs_05_2":0.9267624993,"dice_bbs_1_0":0.9215927809,"dice_bbs_1_1":0.8409607956,"dice_bbs_1_2":0.7948022666,"dice_bbs_2_0":0.8509303883,"dice_bbs_2_1":0.6995469266,"dice_bbs_2_2":0.5663897692,"dice_rc_max":0.945950503,"dice_rs3_max":0.9550309079,"dice_rs5_max":0.9571676535,"dice_cp_max":0.9311490012,"dice_bb_max":0.9577085874,"dice_bbs_05_max":0.9571226576,"dice_bbs_1_max":0.933971672,"dice_bbs_2_max":0.8647334355}