{"dice_rc_0":0.4589796934,"dice_rc_1":0.7820699865,"dice_rc_2":0.8130349849,"dice_rs3_0":0.4674324591,"dice_rs3_1":0.7857300131,"dice_rs3_2":0.9275038213,"dice_rs5_0":0.4968155056,"dice_rs5_1":0.8033604679,"dice_rs5_2":0.9322878824,"dice_cp_0":0.459316614,"dice_cp_1":0.8043044832,"dice_cp_2":0.8818131455,"dice_bb_0":0.9164926502,"dice_bb_1":0.9367777207,"dice_bb_2":0.9161005164,"dice_bbs_05_0":0.9099855572,"dice_bbs_05_1":0.9332500127,"dice_bbs_05_2":0.8978872726,"dice_bbs_1_0":0.8938322971,"dice_bbs_1_1":0.9213283949,"dice_bbs_1_2":0.8182986699,"dice_bbs_2_0":0.8171361604,"dice_bbs_2_1":0.813477524,"dice_bbs_2_2":0.5236307302,"dice_rc_max":0.8925430014,"dice_rs3_max":0.9299695738,"dice_rs5_max":0.9349341587,"dice_cp_max":0.9146968998,"dice_bb_max":0.9476965757,"dice_bbs_05_max":0.9432334935,"dice_bbs_1_max":0.9319755112,"dice_bbs_2_max":0.8575399638}