{"dice_rc_0":0.1919854784,"dice_rc_1":0.603890223,"dice_rc_2":0.5219420253,"dice_rs3_0":0.1810303505,"dice_rs3_1":0.681784424,"dice_rs3_2":0.772828425,"dice_rs5_0":0.2127817072,"dice_rs5_1":0.6911534866,"dice_rs5_2":0.7969904874,"dice_cp_0":0.2022060683,"dice_cp_1":0.6337749532,"dice_cp_2":0.5619603131,"dice_bb_0":0.8835357505,"dice_bb_1":0.8324651694,"dice_bb_2":0.7253413894,"dice_bbs_05_0":0.8806521664,"dice_bbs_05_1":0.8295871522,"dice_bbs_05_2":0.7222733485,"dice_bbs_1_0":0.8693273316,"dice_bbs_1_1":0.8177282913,"dice_bbs_1_2":0.6889693506,"dice_bbs_2_0":0.8231400392,"dice_bbs_2_1":0.7656640085,"dice_bbs_2_2":0.5820509411,"dice_rc_max":0.7010403385,"dice_rs3_max":0.8043348504,"dice_rs5_max":0.8184861766,"dice_cp_max":0.7339964475,"dice_bb_max":0.8863423177,"dice_bbs_05_max":0.884026028,"dice_bbs_1_max":0.8736789138,"dice_bbs_2_max":0.8312824047}