{"dice_rc_0":0.8625845774,"dice_rc_1":0.7273060341,"dice_rc_2":0.4686037811,"dice_rs3_0":0.9229377055,"dice_rs3_1":0.7661042977,"dice_rs3_2":0.4818960764,"dice_rs5_0":0.926827186,"dice_rs5_1":0.8277687273,"dice_rs5_2":0.5135874166,"dice_cp_0":0.9042090905,"dice_cp_1":0.7583753188,"dice_cp_2":0.4711895018,"dice_bb_0":0.9357202434,"dice_bb_1":0.9415687458,"dice_bb_2":0.9352918359,"dice_bbs_05_0":0.9337623272,"dice_bbs_05_1":0.9387038263,"dice_bbs_05_2":0.9298756064,"dice_bbs_1_0":0.9108253422,"dice_bbs_1_1":0.9285762464,"dice_bbs_1_2":0.9126548067,"dice_bbs_2_0":0.6864043086,"dice_bbs_2_1":0.8264223075,"dice_bbs_2_2":0.802634104,"dice_rc_max":0.9023401265,"dice_rs3_max":0.9279914394,"dice_rs5_max":0.936384572,"dice_cp_max":0.921704783,"dice_bb_max":0.9517319399,"dice_bbs_05_max":0.9499987952,"dice_bbs_1_max":0.9423117767,"dice_bbs_2_max":0.8617437398}