{"dice_rc_0":0.402655135,"dice_rc_1":0.607065664,"dice_rc_2":0.4311071546,"dice_rs3_0":0.4008895593,"dice_rs3_1":0.6812382269,"dice_rs3_2":0.7485380218,"dice_rs5_0":0.4248110554,"dice_rs5_1":0.6830545957,"dice_rs5_2":0.7722484084,"dice_cp_0":0.4142127839,"dice_cp_1":0.6587029542,"dice_cp_2":0.4780034699,"dice_bb_0":0.8633129714,"dice_bb_1":0.8101260218,"dice_bb_2":0.6186200934,"dice_bbs_05_0":0.8587552745,"dice_bbs_05_1":0.8068248077,"dice_bbs_05_2":0.6102104379,"dice_bbs_1_0":0.8461987897,"dice_bbs_1_1":0.7945346945,"dice_bbs_1_2":0.5775118141,"dice_bbs_2_0":0.7989574639,"dice_bbs_2_1":0.7400928398,"dice_bbs_2_2":0.4656138955,"dice_rc_max":0.7063209744,"dice_rs3_max":0.7854438208,"dice_rs5_max":0.7958275709,"dice_cp_max":0.745274802,"dice_bb_max":0.8720592426,"dice_bbs_05_max":0.8674563597,"dice_bbs_1_max":0.8553022755,"dice_bbs_2_max":0.8102262751}