{"dice_rc_0":0.5270276701,"dice_rc_1":0.6858346562,"dice_rc_2":0.4063485524,"dice_rs3_0":0.7517524895,"dice_rs3_1":0.7681551359,"dice_rs3_2":0.44325385,"dice_rs5_0":0.7652955791,"dice_rs5_1":0.7852321878,"dice_rs5_2":0.5406983629,"dice_cp_0":0.5435584842,"dice_cp_1":0.7288578593,"dice_cp_2":0.4202944062,"dice_bb_0":0.731564822,"dice_bb_1":0.8380084432,"dice_bb_2":0.8646818613,"dice_bbs_05_0":0.723649508,"dice_bbs_05_1":0.834616029,"dice_bbs_05_2":0.8610180534,"dice_bbs_1_0":0.7000051151,"dice_bbs_1_1":0.8242929852,"dice_bbs_1_2":0.8508869314,"dice_bbs_2_0":0.5888142751,"dice_bbs_2_1":0.7784694716,"dice_bbs_2_2":0.8092410163,"dice_rc_max":0.7641849615,"dice_rs3_max":0.811927392,"dice_rs5_max":0.824412846,"dice_cp_max":0.7820412983,"dice_bb_max":0.8699287683,"dice_bbs_05_max":0.8661107226,"dice_bbs_1_max":0.8569440797,"dice_bbs_2_max":0.8196838429}