{"dice_rc_0":0.5306383122,"dice_rc_1":0.6765970652,"dice_rc_2":0.3629159905,"dice_rs3_0":0.7620041763,"dice_rs3_1":0.7692412162,"dice_rs3_2":0.3895649962,"dice_rs5_0":0.7743540516,"dice_rs5_1":0.7883776984,"dice_rs5_2":0.4833093783,"dice_cp_0":0.5380199547,"dice_cp_1":0.7182517278,"dice_cp_2":0.3749458546,"dice_bb_0":0.7445520301,"dice_bb_1":0.8450186509,"dice_bb_2":0.8720705732,"dice_bbs_05_0":0.7366428749,"dice_bbs_05_1":0.8415936272,"dice_bbs_05_2":0.8684342253,"dice_bbs_1_0":0.7147121606,"dice_bbs_1_1":0.8329613144,"dice_bbs_1_2":0.8598182708,"dice_bbs_2_0":0.6033174399,"dice_bbs_2_1":0.7890516016,"dice_bbs_2_2":0.8161792408,"dice_rc_max":0.7678581576,"dice_rs3_max":0.8201965351,"dice_rs5_max":0.8353436337,"dice_cp_max":0.7875643218,"dice_bb_max":0.8773046033,"dice_bbs_05_max":0.8738626345,"dice_bbs_1_max":0.8657681921,"dice_bbs_2_max":0.8292627401}