{"dice_rc_0":0.4820819432,"dice_rc_1":0.7275568858,"dice_rc_2":0.221661494,"dice_rs3_0":0.5078186015,"dice_rs3_1":0.8360149707,"dice_rs3_2":0.2171654928,"dice_rs5_0":0.5221306157,"dice_rs5_1":0.8413829644,"dice_rs5_2":0.2229532164,"dice_cp_0":0.4978900236,"dice_cp_1":0.702237282,"dice_cp_2":0.2290518362,"dice_bb_0":0.9204874778,"dice_bb_1":0.8729729208,"dice_bb_2":0.9087164913,"dice_bbs_05_0":0.9181670367,"dice_bbs_05_1":0.8669699806,"dice_bbs_05_2":0.9036279785,"dice_bbs_1_0":0.9057266294,"dice_bbs_1_1":0.8179187956,"dice_bbs_1_2":0.8700494466,"dice_bbs_2_0":0.8528487185,"dice_bbs_2_1":0.6721239989,"dice_bbs_2_2":0.7732228934,"dice_rc_max":0.822783317,"dice_rs3_max":0.8483620396,"dice_rs5_max":0.8472854486,"dice_cp_max":0.8146603374,"dice_bb_max":0.9344112644,"dice_bbs_05_max":0.9308071421,"dice_bbs_1_max":0.9196532884,"dice_bbs_2_max":0.8694919736}