{"dice_rc_0":0.6367148029,"dice_rc_1":0.9144343627,"dice_rc_2":0.8179358581,"dice_rs3_0":0.6296706851,"dice_rs3_1":0.8993615964,"dice_rs3_2":0.9375771663,"dice_rs5_0":0.6392379165,"dice_rs5_1":0.8903374255,"dice_rs5_2":0.9447762221,"dice_cp_0":0.6128016889,"dice_cp_1":0.9056777975,"dice_cp_2":0.8430569548,"dice_bb_0":0.9205101516,"dice_bb_1":0.9483942147,"dice_bb_2":0.8860549944,"dice_bbs_05_0":0.9217551823,"dice_bbs_05_1":0.9466496025,"dice_bbs_05_2":0.8655303787,"dice_bbs_1_0":0.8858347454,"dice_bbs_1_1":0.9036708589,"dice_bbs_1_2":0.7496802025,"dice_bbs_2_0":0.8085151796,"dice_bbs_2_1":0.7582296383,"dice_bbs_2_2":0.5541263524,"dice_rc_max":0.93140935,"dice_rs3_max":0.9463253085,"dice_rs5_max":0.9501376092,"dice_cp_max":0.9257907335,"dice_bb_max":0.952626061,"dice_bbs_05_max":0.9517311296,"dice_bbs_1_max":0.9283770527,"dice_bbs_2_max":0.8458038262}