{"dice_rc_0":0.3554504811,"dice_rc_1":0.618076271,"dice_rc_2":0.4897196613,"dice_rs3_0":0.3537207752,"dice_rs3_1":0.6921065072,"dice_rs3_2":0.7660160533,"dice_rs5_0":0.3754045324,"dice_rs5_1":0.6945210022,"dice_rs5_2":0.7898864874,"dice_cp_0":0.3664748181,"dice_cp_1":0.6650743416,"dice_cp_2":0.5036220006,"dice_bb_0":0.8699659606,"dice_bb_1":0.825116164,"dice_bb_2":0.6395716249,"dice_bbs_05_0":0.8663275646,"dice_bbs_05_1":0.8226193934,"dice_bbs_05_2":0.6308506562,"dice_bbs_1_0":0.8547402914,"dice_bbs_1_1":0.8073283536,"dice_bbs_1_2":0.6010111509,"dice_bbs_2_0":0.8104042464,"dice_bbs_2_1":0.7514924974,"dice_bbs_2_2":0.4961852439,"dice_rc_max":0.7329916692,"dice_rs3_max":0.804398893,"dice_rs5_max":0.8147001601,"dice_cp_max":0.7637107692,"dice_bb_max":0.8789964118,"dice_bbs_05_max":0.8756837405,"dice_bbs_1_max":0.8637554486,"dice_bbs_2_max":0.8222643966}