{"dice_rc_0":0.6486764841,"dice_rc_1":0.5358537906,"dice_rc_2":0.2051722426,"dice_rs3_0":0.6741987922,"dice_rs3_1":0.7476455067,"dice_rs3_2":0.2018419035,"dice_rs5_0":0.6631144138,"dice_rs5_1":0.7794136719,"dice_rs5_2":0.2524887876,"dice_cp_0":0.6557611284,"dice_cp_1":0.5669965866,"dice_cp_2":0.2279636082,"dice_bb_0":0.8655990282,"dice_bb_1":0.7816021517,"dice_bb_2":0.8485705665,"dice_bbs_05_0":0.8623407532,"dice_bbs_05_1":0.7772744011,"dice_bbs_05_2":0.8467405362,"dice_bbs_1_0":0.8552969997,"dice_bbs_1_1":0.7539449894,"dice_bbs_1_2":0.8296164665,"dice_bbs_2_0":0.7939975453,"dice_bbs_2_1":0.6486949163,"dice_bbs_2_2":0.7406931606,"dice_rc_max":0.7272777147,"dice_rs3_max":0.7998909417,"dice_rs5_max":0.8066485487,"dice_cp_max":0.7436164176,"dice_bb_max":0.8748638118,"dice_bbs_05_max":0.8721748615,"dice_bbs_1_max":0.8652169594,"dice_bbs_2_max":0.8103604934}