{"dice_rc_0":0.6651297101,"dice_rc_1":0.5206242517,"dice_rc_2":0.3657726044,"dice_rs3_0":0.7032877999,"dice_rs3_1":0.7676996281,"dice_rs3_2":0.3575676291,"dice_rs5_0":0.6997643507,"dice_rs5_1":0.7941185826,"dice_rs5_2":0.3620924107,"dice_cp_0":0.7042082235,"dice_cp_1":0.51781754,"dice_cp_2":0.3817358924,"dice_bb_0":0.8641122124,"dice_bb_1":0.7631318167,"dice_bb_2":0.8413333633,"dice_bbs_05_0":0.860985132,"dice_bbs_05_1":0.7570475029,"dice_bbs_05_2":0.8355682113,"dice_bbs_1_0":0.8516048207,"dice_bbs_1_1":0.7332593145,"dice_bbs_1_2":0.8190743497,"dice_bbs_2_0":0.805125246,"dice_bbs_2_1":0.6228021833,"dice_bbs_2_2":0.7300638517,"dice_rc_max":0.7683353516,"dice_rs3_max":0.8113932027,"dice_rs5_max":0.8182957877,"dice_cp_max":0.7825496537,"dice_bb_max":0.8756176302,"dice_bbs_05_max":0.8722539403,"dice_bbs_1_max":0.8635072517,"dice_bbs_2_max":0.8186916294}