{"dice_rc_0":0.8455982191,"dice_rc_1":0.928083201,"dice_rc_2":0.6706991881,"dice_rs3_0":0.9341595173,"dice_rs3_1":0.9328577548,"dice_rs3_2":0.6937489011,"dice_rs5_0":0.938035182,"dice_rs5_1":0.942547902,"dice_rs5_2":0.7518646159,"dice_cp_0":0.8351119798,"dice_cp_1":0.9052740708,"dice_cp_2":0.6713206747,"dice_bb_0":0.9207297033,"dice_bb_1":0.9409772826,"dice_bb_2":0.9308114805,"dice_bbs_05_0":0.9070827942,"dice_bbs_05_1":0.94072508,"dice_bbs_05_2":0.9295852699,"dice_bbs_1_0":0.8076581092,"dice_bbs_1_1":0.9033091483,"dice_bbs_1_2":0.8897575787,"dice_bbs_2_0":0.6040566308,"dice_bbs_2_1":0.7310837248,"dice_bbs_2_2":0.7386084102,"dice_rc_max":0.9404707972,"dice_rs3_max":0.9500334297,"dice_rs5_max":0.9521498165,"dice_cp_max":0.936907179,"dice_bb_max":0.9535628549,"dice_bbs_05_max":0.9523525979,"dice_bbs_1_max":0.9372595297,"dice_bbs_2_max":0.8342449831}