{"dice_rc_0":0.8140500585,"dice_rc_1":0.8700966378,"dice_rc_2":0.4711524686,"dice_rs3_0":0.7863233875,"dice_rs3_1":0.9298280351,"dice_rs3_2":0.4678532131,"dice_rs5_0":0.7763861663,"dice_rs5_1":0.9288651351,"dice_rs5_2":0.4738150387,"dice_cp_0":0.8344913423,"dice_cp_1":0.9145459971,"dice_cp_2":0.4722687978,"dice_bb_0":0.931718007,"dice_bb_1":0.9401360706,"dice_bb_2":0.945400203,"dice_bbs_05_0":0.9294166682,"dice_bbs_05_1":0.9361842357,"dice_bbs_05_2":0.9420542307,"dice_bbs_1_0":0.9162758165,"dice_bbs_1_1":0.9061923832,"dice_bbs_1_2":0.9283423479,"dice_bbs_2_0":0.8048614999,"dice_bbs_2_1":0.6601968923,"dice_bbs_2_2":0.7583882568,"dice_rc_max":0.916693729,"dice_rs3_max":0.9317656253,"dice_rs5_max":0.9296291844,"dice_cp_max":0.9290427746,"dice_bb_max":0.9538921401,"dice_bbs_05_max":0.9520119444,"dice_bbs_1_max":0.9429312977,"dice_bbs_2_max":0.8492438556}