{"dice_rc_0":0.5412657437,"dice_rc_1":0.6158680866,"dice_rc_2":0.1843494061,"dice_rs3_0":0.7360150182,"dice_rs3_1":0.6877413457,"dice_rs3_2":0.1959310866,"dice_rs5_0":0.7663733486,"dice_rs5_1":0.7353293698,"dice_rs5_2":0.2536134771,"dice_cp_0":0.5832170659,"dice_cp_1":0.6409647021,"dice_cp_2":0.1917008638,"dice_bb_0":0.7537636269,"dice_bb_1":0.8397032123,"dice_bb_2":0.8625804026,"dice_bbs_05_0":0.7442397356,"dice_bbs_05_1":0.8370292654,"dice_bbs_05_2":0.8590935038,"dice_bbs_1_0":0.7133401275,"dice_bbs_1_1":0.822972539,"dice_bbs_1_2":0.8480160176,"dice_bbs_2_0":0.6309736608,"dice_bbs_2_1":0.7681291361,"dice_bbs_2_2":0.7995924309,"dice_rc_max":0.7059756053,"dice_rs3_max":0.7907435286,"dice_rs5_max":0.8158593306,"dice_cp_max":0.7321976198,"dice_bb_max":0.8699592358,"dice_bbs_05_max":0.8676660033,"dice_bbs_1_max":0.8551779417,"dice_bbs_2_max":0.8132110938}