{"dice_rc_0":0.6892759122,"dice_rc_1":0.5178740748,"dice_rc_2":0.4129460815,"dice_rs3_0":0.722990253,"dice_rs3_1":0.7640938389,"dice_rs3_2":0.4060567814,"dice_rs5_0":0.7210475199,"dice_rs5_1":0.7932320881,"dice_rs5_2":0.4084590471,"dice_cp_0":0.7313067268,"dice_cp_1":0.522140732,"dice_cp_2":0.4349726394,"dice_bb_0":0.8589015473,"dice_bb_1":0.7656309348,"dice_bb_2":0.8300845122,"dice_bbs_05_0":0.8561077689,"dice_bbs_05_1":0.7613603258,"dice_bbs_05_2":0.8241885893,"dice_bbs_1_0":0.846245527,"dice_bbs_1_1":0.7399055168,"dice_bbs_1_2":0.8048408091,"dice_bbs_2_0":0.7991356598,"dice_bbs_2_1":0.6256643975,"dice_bbs_2_2":0.6989969219,"dice_rc_max":0.7718156795,"dice_rs3_max":0.8093821294,"dice_rs5_max":0.8185716751,"dice_cp_max":0.7839630663,"dice_bb_max":0.8669387538,"dice_bbs_05_max":0.8638796819,"dice_bbs_1_max":0.8540253956,"dice_bbs_2_max":0.8091931935}